{"cameraMode":{"drawMode":0,"name":"Shaded","section":"Shading Mode"},"sceneLighting":true,"audioPlay":false,"sceneViewState":{"showFog":true,"showMaterialUpdate":false,"showSkybox":true,"showFlares":true,"showImageEffects":true,"showParticleSystems":true},"in2DMode":false,"pivot":{"x":12.23661994934082,"y":0.6870151162147522,"z":-11.034640312194825},"rotation":{"x":-0.1686595231294632,"y":0.37299782037734988,"z":-0.06915032118558884,"w":-0.9097508192062378},"size":4.663888454437256,"orthographic":false}