{"cameraMode":{"drawMode":0,"name":"Shaded","section":"Shading Mode"},"sceneLighting":true,"audioPlay":false,"sceneViewState":{"showFog":false,"showMaterialUpdate":false,"showSkybox":false,"showFlares":false,"showImageEffects":false,"showParticleSystems":false},"in2DMode":false,"pivot":{"x":-25.980649948120118,"y":-17.728775024414064,"z":-16.834491729736329},"rotation":{"x":-0.11482911556959152,"y":0.8566550016403198,"z":-0.21674270927906037,"w":-0.45385289192199709},"size":23.39887237548828,"orthographic":false}