{"cameraMode":{"drawMode":0,"name":"Shaded","section":"Shading Mode"},"sceneLighting":true,"audioPlay":false,"sceneViewState":{"showFog":false,"showMaterialUpdate":false,"showSkybox":false,"showFlares":false,"showImageEffects":false,"showParticleSystems":false},"in2DMode":false,"pivot":{"x":7.215524196624756,"y":7.564490795135498,"z":-12.192086219787598},"rotation":{"x":-0.3135403096675873,"y":0.336325466632843,"z":-0.11984854936599732,"w":-0.8798998594284058},"size":1.6994516849517823,"orthographic":false}