{"cameraMode":{"drawMode":0,"name":"Shaded","section":"Shading Mode"},"sceneLighting":true,"audioPlay":false,"sceneViewState":{"showFog":false,"showMaterialUpdate":false,"showSkybox":false,"showFlares":false,"showImageEffects":false,"showParticleSystems":false},"in2DMode":false,"pivot":{"x":-23.303680419921876,"y":-18.06452751159668,"z":-20.0926570892334},"rotation":{"x":-0.10668597370386124,"y":0.8798336982727051,"z":-0.23528935015201569,"w":-0.39893993735313418},"size":25.243263244628908,"orthographic":false}