{"cameraMode":{"drawMode":0,"name":"Shaded","section":"Shading Mode"},"sceneLighting":true,"audioPlay":false,"sceneViewState":{"showFog":false,"showMaterialUpdate":false,"showSkybox":false,"showFlares":false,"showImageEffects":false,"showParticleSystems":false},"in2DMode":false,"pivot":{"x":-65.7169189453125,"y":-36.0974006652832,"z":64.5612564086914},"rotation":{"x":-0.172538161277771,"y":0.3754095435142517,"z":-0.0713493824005127,"w":-0.9078670740127564},"size":53.14859390258789,"orthographic":false}