{"cameraMode":{"drawMode":0,"name":"Shaded","section":"Shading Mode"},"sceneLighting":true,"audioPlay":false,"sceneViewState":{"showFog":false,"showMaterialUpdate":false,"showSkybox":false,"showFlares":false,"showImageEffects":false,"showParticleSystems":false},"in2DMode":false,"pivot":{"x":-3.463268280029297,"y":-1.0896282196044922,"z":-4.406213760375977},"rotation":{"x":-0.31145232915878298,"y":-0.022236837074160577,"z":0.007289960514754057,"w":-0.9499762654304504},"size":9.829299926757813,"orthographic":false}