{"cameraMode":{"drawMode":0,"name":"Shaded","section":"Shading Mode"},"sceneLighting":true,"audioPlay":false,"sceneViewState":{"showFog":false,"showMaterialUpdate":false,"showSkybox":false,"showFlares":false,"showImageEffects":false,"showParticleSystems":false},"in2DMode":false,"pivot":{"x":-32.27649688720703,"y":-19.73072052001953,"z":1.5544438362121583},"rotation":{"x":-0.16713716089725495,"y":0.7282986044883728,"z":-0.19125761091709138,"w":-0.636451005935669},"size":24.700910568237306,"orthographic":false}